Model,Optimal_Threshold
Logistic Regression,0.5073869346733668
Random Forest,0.2710050251256282
XGBoost,0.06417085427135678
Neural Network,0.06909547738693467
SVM,0.04447236180904523
